timeStamp;DISTANCE_100;ACCELERATION_100
0;0.0;0.0
0.10000000000000000555;0.0;0.0
0.2000000000000000111;0.0;0.0
0.2999999999999999889;0.0;0.0
0.4000000000000000222;0.0;0.0
0.5;0.0;0.0
0.5999999999999999778;0.0;0.0
0.69999999999999995559;0.0;0.0
0.80000000000000004441;0.0;0.0
0.9000000000000000222;0.0;0.0
1;0.0;0.0
1.10000000000000008882;0.0;0.0
1.19999999999999995559;0.0;0.0
1.30000000000000004441;0.0;0.0
1.39999999999999991118;0.0;0.0
1.5;0.0;0.0
1.60000000000000008882;0.0;0.0
1.69999999999999995559;0.0;0.0
1.80000000000000004441;0.0;0.0
1.89999999999999991118;0.0;0.0
2;0.0;0.0
2.10000000000000008882;0.0;0.0
2.20000000000000017764;0.0;0.0
2.29999999999999982236;0.0;0.0
2.39999999999999991118;0.0;0.0
2.5;0.0;0.0
2.60000000000000008882;0.0;0.0
2.70000000000000017764;0.0;0.0
2.79999999999999982236;0.0;0.0
2.89999999999999991118;0.0;0.0
3;0.0;0.0
3.10000000000000008882;0.0;0.0
3.20000000000000017764;0.0;0.0
3.2799999999999998046;0.0002499999999999947;5.000000000000107
3.29000000000000003553;0.0011500000000000156;7.999999999999815
3.29999999999999982236;0.0028499999999999793;8.000000000000169
3.31000000000000005329;0.005350000000000037;7.999999999999814
3.31999999999999984013;0.008649999999999967;8.000000000000172
3.33000000000000007105;0.012750000000000062;7.999999999999817
3.33999999999999985789;0.017649999999999957;8.000000000000172
3.35000000000000008882;0.02335000000000009;7.999999999999812
3.35999999999999987566;0.02984999999999995;8.000000000000167
3.37000000000000010658;0.03715000000000012;7.999999999999822
3.37999999999999989342;0.04524999999999995;8.000000000000167
3.39000000000000012434;0.054100000000000155;6.999999999999845
3.39999999999999991118;0.06369999999999995;8.000000000000167
3.41000000000000014211;0.0741000000000002;7.999999999999822
3.41999999999999992895;0.08529999999999996;8.000000000000156
3.43000000000000015987;0.09730000000000023;7.999999999999822
3.43999999999999994671;0.11009999999999996;8.000000000000178
3.45000000000000017764;0.12370000000000028;7.9999999999998
3.45999999999999996447;0.13809999999999997;8.000000000000178
3.4700000000000001954;0.15330000000000032;7.999999999999822
3.47999999999999998224;0.16929999999999998;8.000000000000156
3.49000000000000021316;0.18610000000000038;7.999999999999822
3.5;0.20365;7.000000000000155
3.50999999999999978684;0.22194999999999962;8.000000000000178
3.52000000000000001776;0.24105000000000007;7.9999999999998
3.5299999999999998046;0.2609499999999996;8.000000000000156
3.54000000000000003553;0.2816500000000001;7.999999999999822
3.54999999999999982236;0.30314999999999964;8.000000000000178
3.56000000000000005329;0.32545000000000013;7.999999999999822
3.56999999999999984013;0.34849999999999964;7.000000000000133
3.58000000000000007105;0.3723000000000002;7.999999999999822
3.58999999999999985789;0.39689999999999964;8.000000000000178
3.60000000000000008882;0.42230000000000023;7.999999999999822
3.60999999999999987566;0.4484999999999997;8.000000000000178
3.62000000000000010658;0.4755000000000003;7.999999999999822
3.62999999999999989342;0.5032499999999998;7.000000000000133
3.64000000000000012434;0.5317500000000004;7.999999999999822
3.64999999999999991118;0.5610499999999997;8.000000000000178
3.66000000000000014211;0.5911500000000004;7.999999999999778
3.66999999999999992895;0.6220499999999998;8.000000000000178
3.68000000000000015987;0.6537000000000005;6.999999999999867
3.68999999999999994671;0.6860999999999998;8.000000000000133
3.70000000000000017764;0.7193000000000006;7.999999999999822
3.70999999999999996447;0.7532999999999999;8.000000000000178
3.7200000000000001954;0.7881000000000007;7.999999999999822
3.72999999999999998224;0.8236499999999999;7.000000000000133
3.74000000000000021316;0.8599500000000008;7.999999999999822
3.75;0.89705;8.000000000000178
3.75999999999999978684;0.9349499999999992; 
3.77000000000000001776;0.9736;6.999999999999822
3.7799999999999998046;1.0129999999999992;8.000000000000178
3.79000000000000003553;1.0532000000000001;7.999999999999778
3.79999999999999982236;1.0941999999999992;8.000000000000178
3.81000000000000005329;1.1359500000000002;6.999999999999867
3.81999999999999984013;1.1784499999999993;8.000000000000178
3.83000000000000007105;1.2217500000000003;7.999999999999822
3.83999999999999985789;1.2657999999999994;7.000000000000178
3.85000000000000008882;1.3106000000000004;7.9999999999997335
3.85999999999999987566;1.3561999999999994;8.000000000000178
3.87000000000000010658;1.4025500000000004;6.999999999999867
3.87999999999999989342;1.4496499999999994;8.000000000000178
3.89000000000000012434;1.4975500000000006;7.999999999999822
3.89999999999999991118;1.5461999999999996;7.000000000000178
3.91000000000000014211;1.5956000000000008;7.999999999999822
3.91999999999999992895;1.6457999999999997;8.000000000000089
3.93000000000000015987;1.6967500000000009;6.999999999999867
3.93999999999999994671;1.7484499999999998;8.000000000000178
3.95000000000000017764;1.8009500000000012;7.999999999999822
3.95999999999999996447;1.8542;7.000000000000178
3.9700000000000001954;1.9082000000000012;7.999999999999822
3.97999999999999998224;1.963;8.000000000000089
3.99000000000000021316;2.018550000000001;6.999999999999867
4;2.07485;8.000000000000178
4.00999999999999978684;2.131949999999999; 
4.01999999999999957367;2.1897999999999977;7.000000000000178
4.03000000000000024869;2.2484000000000015;7.999999999999467
4.04000000000000003553;2.3077500000000004;7.000000000000089
4.04999999999999982236;2.3678499999999993;8.000000000000178
4.0599999999999996092;2.428749999999998; 
4.07000000000000028422;2.4904000000000024;6.999999999999556
4.08000000000000007105;2.552800000000001;8.000000000000178
4.08999999999999985789;2.6159499999999993;7.000000000000089
4.09999999999999964473;2.679849999999998;8.000000000000178
4.11000000000000031974;2.744550000000002;7.999999999999467
4.12000000000000010658;2.8100000000000005;7.000000000000178
4.12999999999999989342;2.876199999999999;8.000000000000178
4.13999999999999968026;2.9431499999999975;7.000000000000178
4.15000000000000035527;3.0108500000000022;7.999999999999378
4.16000000000000014211;3.079300000000001;7.000000000000178
4.16999999999999992895;3.1484999999999994;8.000000000000178
4.17999999999999971578;3.218449999999998;7.000000000000178
4.1900000000000003908;3.289150000000003;7.999999999999467
4.20000000000000017764;3.3606000000000016;7.000000000000089
4.20999999999999996447;3.4328;8.000000000000178
4.21999999999999975131;3.505749999999998;7.000000000000178
4.23000000000000042633;3.579450000000003;7.999999999999467
4.24000000000000021316;3.6539000000000015;7.000000000000178
4.25;3.7291;8.000000000000089
4.25999999999999978684;3.8050499999999983;7.000000000000178
4.26999999999999957367;3.8817499999999967;8.000000000000178
4.28000000000000024869;3.959200000000002;6.999999999999556
4.29000000000000003553;4.0374;8.000000000000178
4.29999999999999982236;4.116349999999998;7.000000000000089
4.3099999999999996092;4.196049999999996;8.000000000000178
4.32000000000000028422;4.276500000000001;6.999999999999556
4.33000000000000007105;4.3576999999999995;8.000000000000178
4.33999999999999985789;4.439649999999998;7.000000000000178
4.34999999999999964473;4.522349999999996;8.000000000000178
4.36000000000000031974;4.605800000000001;6.999999999999556
4.37000000000000010658;4.6899999999999995;8.000000000000178
4.37999999999999989342;4.774949999999998;7.0
4.38999999999999968026;4.860599999999996;7.000000000000178
4.40000000000000035527;4.947000000000002;7.999999999999467
4.41000000000000014211;5.03415;7.000000000000178
4.41999999999999992895;5.122049999999999;8.000000000000178
4.42999999999999971578;5.2106999999999974;7.000000000000178
4.4400000000000003908;5.300050000000003;6.999999999999556
4.45000000000000017764;5.390150000000001;8.000000000000178
4.45999999999999996447;5.480999999999999;7.0
4.46999999999999975131;5.572599999999997;8.000000000000178
4.48000000000000042633;5.664950000000003;6.999999999999556
4.49000000000000021316;5.758000000000001;7.000000000000178
4.5;5.851799999999999;8.000000000000178
4.50999999999999978684;5.946349999999997;7.000000000000178
4.51999999999999957367;6.041649999999995;8.000000000000178
4.53000000000000024869;6.1377000000000015;6.999999999999556
4.54000000000000003553;6.23445;7.000000000000178
4.54999999999999982236;6.331949999999997;8.0
4.5599999999999996092;6.430199999999995;7.000000000000178
4.57000000000000028422;6.529150000000001;6.999999999999556
4.58000000000000007105;6.628849999999999;8.000000000000178
4.58999999999999985789;6.729299999999997;7.000000000000178
4.59999999999999964473;6.830449999999995; 
4.61000000000000031974;6.932350000000001;7.999999999999467
4.62000000000000010658;7.034999999999999;7.000000000000178
4.62999999999999989342;7.138349999999997;7.0
4.63999999999999968026;7.242449999999995;8.000000000000178
4.65000000000000035527;7.347300000000002;6.999999999999556
4.66000000000000014211;7.45285;7.000000000000178
4.66999999999999992895;7.559099999999997; 
4.67999999999999971578;7.666099999999995;8.000000000000178
4.6900000000000003908;7.773850000000002;6.999999999999556
4.70000000000000017764;7.8823;7.000000000000178
4.70999999999999996447;7.991499999999998;8.000000000000178
4.71999999999999975131;8.101449999999994;7.0
4.73000000000000042633;8.212100000000001;6.999999999999556
4.74000000000000021316;8.32345;7.000000000000178
4.75;8.435549999999997;8.000000000000178
4.75999999999999978684;8.548399999999996;7.000000000000178
4.76999999999999957367;8.661949999999994; 
4.78000000000000024869;8.776200000000001;6.999999999999556
4.79000000000000003553;8.891199999999998;8.0
4.79999999999999982236;9.006949999999994;7.000000000000178
4.8099999999999996092;9.123399999999991; 
4.82000000000000028422;9.240549999999999;6.999999999999556
4.83000000000000007105;9.358399999999996;7.000000000000178
4.83999999999999985789;9.476999999999993;8.000000000000178
4.84999999999999964473;9.59634999999999;7.000000000000178
4.86000000000000031974;9.716399999999998;6.999999999999378
4.87000000000000010658;9.837149999999996;7.000000000000178
4.87999999999999989342;9.958599999999993; 
4.88999999999999968026;10.080799999999991;8.000000000000178
4.90000000000000035527;10.20375;6.999999999999556
4.91000000000000014211;10.327399999999997;7.000000000000178
4.91999999999999992895;10.451749999999995; 
4.92999999999999971578;10.576799999999993;7.0
4.9400000000000003908;10.702550000000002;6.999999999999556
4.95000000000000017764;10.829049999999999;8.000000000000178
4.95999999999999996447;10.956299999999995;7.000000000000178
4.96999999999999975131;11.084249999999992; 
4.98000000000000042633;11.212900000000001;6.999999999999556
4.99000000000000021316;11.342249999999998;7.000000000000178
5;11.472299999999995;7.0
5.00999999999999978684;11.603049999999993;7.000000000000178
5.01999999999999957367;11.73454999999999;8.000000000000178
5.03000000000000024869;11.8668;6.999999999999556
5.04000000000000003553;11.999749999999997;7.000000000000178
5.04999999999999982236;12.133399999999995; 
5.0599999999999996092;12.267749999999992; 
5.07000000000000028422;12.402800000000001;6.999999999999378
5.08000000000000007105;12.538549999999997;7.000000000000178
5.08999999999999985789;12.674999999999994; 
5.09999999999999964473;12.81214999999999; 
5.11000000000000031974;12.95;6.999999999999556
5.12000000000000010658;13.088599999999996;8.000000000000178
5.12999999999999989342;13.227949999999993;7.000000000000178
5.13999999999999968026;13.36799999999999;7.0
5.15000000000000035527;13.50875;6.999999999999556
5.16000000000000014211;13.650199999999996;7.000000000000178
5.16999999999999992895;13.792349999999994; 
5.17999999999999971578;13.935199999999991; 
5.1900000000000003908;14.078750000000001;6.999999999999556
5.20000000000000017764;14.222999999999999;7.000000000000178
5.20999999999999996447;14.367949999999995;7.0
5.21999999999999975131;14.513599999999991;7.000000000000178
5.23000000000000042633;14.659950000000002;6.999999999999556
5.24000000000000021316;14.806999999999999;7.000000000000178
5.25;14.954749999999995; 
5.25999999999999978684;15.103199999999992; 
5.26999999999999957367;15.25234999999999;7.0
5.28000000000000024869;15.402199999999999;6.999999999999556
5.29000000000000003553;15.552749999999996;7.000000000000178
5.29999999999999982236;15.703999999999994; 
5.3099999999999996092;15.855949999999991; 
5.32000000000000028422;16.0086;6.999999999999556
5.33000000000000007105;16.161949999999997;7.0
5.33999999999999985789;16.315999999999995;7.000000000000178
5.34999999999999964473;16.470749999999992; 
5.36000000000000031974;16.6262;6.999999999999556
5.37000000000000010658;16.782349999999997;7.000000000000178
5.37999999999999989342;16.939199999999992; 
5.38999999999999968026;17.09674999999999;7.0
5.40000000000000035527;17.255;6.999999999999556
5.41000000000000014211;17.413949999999996;7.000000000000178
5.41999999999999992895;17.573599999999992; 
5.42999999999999971578;17.73394999999999; 
5.4400000000000003908;17.895;6.999999999999556
5.45000000000000017764;18.056699999999996;6.0
5.45999999999999996447;18.219049999999992;7.000000000000178
5.46999999999999975131;18.382099999999987; 
5.48000000000000042633;18.545849999999998;6.999999999999556
5.49000000000000021316;18.710299999999993;7.000000000000178
5.5;18.87544999999999; 
5.50999999999999978684;19.041299999999985; 
5.51999999999999957367;19.207849999999983; 
5.53000000000000024869;19.375099999999993;6.999999999999556
5.54000000000000003553;19.54304999999999;6.999999999999822
5.54999999999999982236;19.711649999999988;6.000000000000355
5.5599999999999996092;19.880899999999986;7.000000000000178
5.57000000000000028422;20.050849999999997;6.999999999999556
5.58000000000000007105;20.221499999999992;7.000000000000178
5.58999999999999985789;20.39284999999999; 
5.59999999999999964473;20.564899999999984;6.999999999999822
5.61000000000000031974;20.737649999999995;6.999999999999556
5.62000000000000010658;20.911049999999992;6.000000000000355
5.62999999999999989342;21.08509999999999;7.000000000000178
5.63999999999999968026;21.259849999999986; 
5.65000000000000035527;21.435299999999998;6.999999999999201
5.66000000000000014211;21.611449999999994;7.000000000000178
5.66999999999999992895;21.78829999999999; 
5.67999999999999971578;21.965799999999984;6.000000000000355
5.6900000000000003908;22.143949999999997;6.999999999999556
5.70000000000000017764;22.322799999999994;7.000000000000178
5.70999999999999996447;22.50234999999999;6.999999999999822
5.71999999999999975131;22.682599999999987;7.000000000000178
5.73000000000000042633;22.8635;5.999999999999822
5.74000000000000021316;23.045049999999996;7.000000000000178
5.75;23.227299999999993; 
5.75999999999999978684;23.410249999999987;6.999999999999822
5.76999999999999957367;23.593899999999984;7.000000000000178
5.78000000000000024869;23.778199999999995;5.999999999999822
5.79000000000000003553;23.96314999999999;7.000000000000178
5.79999999999999982236;24.148799999999987; 
5.8099999999999996092;24.335149999999985; 
5.82000000000000028422;24.522149999999996;5.999999999999467
5.83000000000000007105;24.70979999999999;7.000000000000178
5.83999999999999985789;24.898149999999987; 
5.84999999999999964473;25.08719999999998; 
5.86000000000000031974;25.276899999999994;5.999999999999467
5.87000000000000010658;25.46724999999999;7.000000000000178
5.87999999999999989342;25.658299999999986; 
5.88999999999999968026;25.849999999999984;6.0
5.90000000000000035527;26.042349999999995;6.999999999999556
5.91000000000000014211;26.23539999999999;7.000000000000178
5.91999999999999992895;26.429149999999986; 
5.92999999999999971578;26.62354999999998;6.0
5.9400000000000003908;26.818599999999993;6.999999999999556
5.95000000000000017764;27.01434999999999;7.000000000000178
5.95999999999999996447;27.210749999999987;6.000000000000355
5.96999999999999975131;27.407799999999984;6.999999999999822
5.98000000000000042633;27.605549999999997;6.999999999999556
5.99000000000000021316;27.803949999999993;6.000000000000355
6;28.00299999999999;7.000000000000178
6.00999999999999978684;28.202749999999984; 
6.01999999999999957367;28.40314999999998;6.0
6.03000000000000024869;28.60419999999999;6.999999999999556
6.04000000000000003553;28.80594999999999;7.000000000000178
6.04999999999999982236;29.008349999999986;6.0
6.0599999999999996092;29.21139999999998;7.000000000000178
6.07000000000000028422;29.415149999999993;6.999999999999556
6.08000000000000007105;29.61954999999999;6.0
6.08999999999999985789;29.824599999999986;7.000000000000178
6.09999999999999964473;30.03034999999998; 
6.11000000000000031974;30.236749999999994;5.999999999999822
6.12000000000000010658;30.44379999999999;6.999999999999822
6.12999999999999989342;30.651499999999984;6.000000000000355
6.13999999999999968026;30.85984999999998;7.000000000000178
6.15000000000000035527;31.068899999999996;6.999999999999556
6.16000000000000014211;31.27859999999999;6.0
6.16999999999999992895;31.488949999999985;7.000000000000178
6.17999999999999971578;31.69994999999998;6.0
6.1900000000000003908;31.911599999999993;6.999999999999556
6.20000000000000017764;32.12394999999999;7.000000000000178
6.20999999999999996447;32.33694999999998;6.0
6.21999999999999975131;32.550599999999974;7.000000000000178
6.23000000000000042633;32.76489999999999;5.999999999999822
6.24000000000000021316;32.979849999999985;7.000000000000178
6.25;33.19544999999998;6.0
6.25999999999999978684;33.411699999999975;7.000000000000178
6.26999999999999957367;33.62864999999997; 
6.28000000000000024869;33.84624999999998;5.999999999999467
6.29000000000000003553;34.06449999999998;7.000000000000178
6.29999999999999982236;34.28339999999998;6.000000000000355
6.3099999999999996092;34.50294999999998;6.999999999999822
6.32000000000000028422;34.72314999999999;5.999999999999822
6.33000000000000007105;34.94399999999999;7.000000000000178
6.33999999999999985789;35.16549999999998;6.0
6.34999999999999964473;35.38764999999997;7.000000000000178
6.36000000000000031974;35.610449999999986;5.999999999999467
6.37000000000000010658;35.83389999999998;7.000000000000178
6.37999999999999989342;36.05799999999997;6.000000000000355
6.38999999999999968026;36.282749999999965;7.000000000000178
6.40000000000000035527;36.50814999999998;5.999999999999467
6.41000000000000014211;36.73419999999997;7.000000000000178
6.41999999999999992895;36.96089999999997;6.0
6.42999999999999971578;37.18824999999996;7.000000000000178
6.4400000000000003908;37.41624999999998;5.999999999999467
6.45000000000000017764;37.64489999999997;7.000000000000178
6.45999999999999996447;37.874199999999966;6.000000000000355
6.46999999999999975131;38.10414999999996;7.000000000000178
6.48000000000000042633;38.33474999999998;5.999999999999467
6.49000000000000021316;38.565999999999974;7.000000000000178
6.5;38.79789999999997;6.0
6.50999999999999978684;39.030449999999966;7.000000000000178
6.51999999999999957367;39.26364999999996;6.000000000000355
6.53000000000000024869;39.49744999999998;5.999999999999467
6.54000000000000003553;39.731899999999975;7.000000000000178
6.54999999999999982236;39.96699999999997;6.0
6.5599999999999996092;40.202749999999966;7.000000000000178
6.57000000000000028422;40.439149999999984;5.999999999999822
6.58000000000000007105;40.67619999999998;6.999999999999822
6.58999999999999985789;40.91389999999998;6.000000000000355
6.59999999999999964473;41.15219999999997;6.0
6.61000000000000031974;41.39114999999999;6.999999999999556
6.62000000000000010658;41.630749999999985;6.0
6.62999999999999989342;41.87099999999998;7.000000000000178
6.63999999999999968026;42.11189999999998;6.000000000000355
6.65000000000000035527;42.35339999999999;5.999999999999467
6.66000000000000014211;42.59554999999999;7.000000000000178
6.66999999999999992895;42.838349999999984;6.0
6.67999999999999971578;43.08179999999998;7.000000000000178
6.6900000000000003908;43.3259;5.999999999999822
6.70000000000000017764;43.57059999999999;6.0
6.70999999999999996447;43.81594999999999;7.000000000000178
6.71999999999999975131;44.06194999999998;6.0
6.73000000000000042633;44.30855;5.999999999999822
6.74000000000000021316;44.55579999999999;7.000000000000178
6.75;44.803699999999985;6.0
6.75999999999999978684;45.05219999999998; 
6.76999999999999957367;45.30134999999997;7.000000000000178
6.78000000000000024869;45.551149999999986;5.999999999999822
6.79000000000000003553;45.80154999999998;6.0
6.79999999999999982236;46.05259999999997;7.000000000000178
6.8099999999999996092;46.30429999999996;6.0
6.82000000000000028422;46.55659999999998;5.999999999999822
6.83000000000000007105;46.80954999999997;6.999999999999822
6.83999999999999985789;47.063149999999965;6.000000000000355
6.84999999999999964473;47.31734999999996;6.0
6.86000000000000031974;47.57219999999998;6.999999999999556
6.87000000000000010658;47.82769999999998;6.0
6.87999999999999989342;48.083799999999975;6.000000000000355
6.88999999999999968026;48.34054999999997;7.000000000000178
6.90000000000000035527;48.59794999999999;5.999999999999467
6.91000000000000014211;48.855949999999986;6.0
6.91999999999999992895;49.11454999999998;6.000000000000355
6.92999999999999971578;49.373799999999974;7.000000000000178
6.9400000000000003908;49.63369999999999;5.999999999999467
6.95000000000000017764;49.894199999999984;6.0
6.95999999999999996447;50.155299999999976;6.000000000000355
6.96999999999999975131;50.41704999999997;7.000000000000178
6.98000000000000042633;50.67944999999999;5.999999999999467
6.99000000000000021316;50.94244999999998;6.0
7;51.206049999999976;6.000000000000355
7.00999999999999978684;51.47029999999997;7.000000000000178
7.01999999999999957367;51.73519999999997;6.0
7.03000000000000024869;52.00069999999999;5.999999999999467
7.04000000000000003553;52.26679999999998;6.000000000000355
7.04999999999999982236;52.53354999999998;7.000000000000178
7.0599999999999996092;52.80094999999997;6.0
7.07000000000000028422;53.06894999999999;5.999999999999467
7.08000000000000007105;53.33754999999998;6.000000000000355
7.08999999999999985789;53.60674999999997;6.0
7.09999999999999964473;53.87659999999996;7.000000000000178
7.11000000000000031974;54.14709999999998;5.999999999999467
7.12000000000000010658;54.41819999999998;6.000000000000355
7.12999999999999989342;54.68989999999997;6.0
7.13999999999999968026;54.96219999999997;6.000000000000355
7.15000000000000035527;55.23514999999998;6.999999999999201
7.16000000000000014211;55.50874999999998;6.000000000000355
7.16999999999999992895;55.78294999999997;6.0
7.17999999999999971578;56.05774999999996;6.000000000000355
7.1900000000000003908;56.33314999999998;5.999999999999467
7.20000000000000017764;56.60914999999998;6.0
7.20999999999999996447;56.885799999999975;7.000000000000178
7.21999999999999975131;57.16309999999997;6.000000000000355
7.23000000000000042633;57.44099999999999;5.999999999999467
7.24000000000000021316;57.71949999999998;6.0
7.25;57.998599999999975;6.000000000000355
7.25999999999999978684;58.278299999999966;6.0
7.26999999999999957367;58.55859999999996; 
7.28000000000000024869;58.83954999999998;6.999999999999556
7.29000000000000003553;59.12114999999998;6.000000000000355
7.29999999999999982236;59.403349999999975;6.0
7.3099999999999996092;59.68614999999997; 
7.32000000000000028422;59.96954999999999;5.999999999999822
7.33000000000000007105;60.25354999999998;6.0
7.33999999999999985789;60.53814999999997; 
7.34999999999999964473;60.82334999999997;6.000000000000355
7.36000000000000031974;61.109149999999985;5.999999999999467
7.37000000000000010658;61.39554999999998;6.000000000000355
7.37999999999999989342;61.68259999999997;6.999999999999822
7.38999999999999968026;61.970299999999966;6.000000000000355
7.40000000000000035527;62.25859999999999;5.999999999999467
7.41000000000000014211;62.54749999999998;6.000000000000355
7.41999999999999992895;62.836999999999975;6.0
7.42999999999999971578;63.12709999999997; 
7.4400000000000003908;63.41779999999999;5.999999999999822
7.45000000000000017764;63.709099999999985;6.0
7.45999999999999996447;64.00099999999998; 
7.46999999999999975131;64.29349999999997;6.000000000000355
7.48000000000000042633;64.58659999999999;5.999999999999467
7.49000000000000021316;64.88029999999998;6.0
7.5;65.17459999999997;6.000000000000355
7.50999999999999978684;65.46949999999997;6.0
7.51999999999999957367;65.76499999999996; 
7.53000000000000024869;66.06109999999998;5.999999999999822
7.54000000000000003553;66.35779999999997;6.0
7.54999999999999982236;66.65509999999996;6.000000000000355
7.5599999999999996092;66.95299999999996;6.0
7.57000000000000028422;67.25149999999998;5.999999999999467
7.58000000000000007105;67.55059999999997;6.000000000000355
7.58999999999999985789;67.85029999999996;6.0
7.59999999999999964473;68.15059999999995; 
7.61000000000000031974;68.45149999999998;5.999999999999822
7.62000000000000010658;68.75299999999997;6.0
7.62999999999999989342;69.05509999999997; 
7.63999999999999968026;69.35779999999995;6.000000000000355
7.65000000000000035527;69.66109999999998;5.999999999999467
7.66000000000000014211;69.96499999999997;6.000000000000355
7.66999999999999992895;70.26949999999997;6.0
7.67999999999999971578;70.57459999999996; 
7.6900000000000003908;70.88029999999998;5.999999999999822
7.70000000000000017764;71.18659999999997;6.0
7.70999999999999996447;71.49349999999997; 
7.71999999999999975131;71.80099999999996;6.000000000000355
7.73000000000000042633;72.10909999999998;5.999999999999467
7.74000000000000021316;72.41779999999997;6.0
7.75;72.72709999999996;6.000000000000355
7.75999999999999978684;73.03699999999996;6.0
7.76999999999999957367;73.34749999999995; 
7.78000000000000024869;73.65859999999998;5.999999999999822
7.79000000000000003553;73.97029999999997;6.0
7.79999999999999982236;74.28259999999996;6.000000000000355
7.8099999999999996092;74.59544999999996;4.999999999999822
7.82000000000000028422;74.90884999999997;5.999999999999822
7.83000000000000007105;75.22284999999997;6.0
7.83999999999999985789;75.53744999999996; 
7.84999999999999964473;75.85264999999995;6.000000000000355
7.86000000000000031974;76.16844999999998;5.999999999999467
7.87000000000000010658;76.48484999999997;6.000000000000355
7.87999999999999989342;76.80184999999996;6.0
7.88999999999999968026;77.11944999999996; 
7.90000000000000035527;77.43764999999998;5.999999999999822
7.91000000000000014211;77.75639999999997;4.999999999999822
7.91999999999999992895;78.07569999999997;6.000000000000355
7.92999999999999971578;78.39559999999996; 
7.9400000000000003908;78.71609999999998;5.999999999999112
7.95000000000000017764;79.03719999999997;6.000000000000355
7.95999999999999996447;79.35889999999996; 
7.96999999999999975131;79.68119999999996;5.999999999999645
7.98000000000000042633;80.00404999999998;5.000000000000089
7.99000000000000021316;80.32744999999997;5.999999999999645
8;80.65144999999997;6.000000000000355
8.00999999999999978684;80.97604999999996; 
8.01999999999999957367;81.30124999999995;5.999999999999645
8.02999999999999936051;81.62704999999994;6.000000000000355
8.03999999999999914735;81.95339999999993;4.999999999999822
8.05000000000000071054;82.28029999999998;5.9999999999992895
8.06000000000000049738;82.60779999999997;6.000000000000355
8.07000000000000028422;82.93589999999996; 
8.08000000000000007105;83.26459999999996;5.999999999999645
8.08999999999999985789;83.59389999999995;6.000000000000355
8.09999999999999964473;83.92374999999994;4.999999999999822
8.10999999999999943157;84.25414999999994;6.000000000000355
8.1199999999999992184;84.58514999999993; 
8.1300000000000007816;84.91674999999998;5.999999999998579
8.14000000000000056843;85.24889999999998;5.000000000000533
8.15000000000000035527;85.58159999999997;5.999999999999645
8.16000000000000014211;85.91489999999996;6.000000000000355
8.16999999999999992895;86.24879999999996; 
8.17999999999999971578;86.58329999999995;5.999999999999645
8.18999999999999950262;86.91834999999995;5.000000000000533
8.19999999999999928946;87.25394999999995;6.000000000000355
8.21000000000000085265;87.59015;5.999999999998579
8.22000000000000063949;87.92694999999999;6.000000000000355
8.23000000000000042633;88.26429999999998;4.999999999999822
8.24000000000000021316;88.60219999999997;6.000000000000355
8.25;88.94069999999996; 
8.25999999999999978684;89.27979999999995;5.999999999999645
8.26999999999999957367;89.61944999999994;5.000000000000533
8.27999999999999936051;89.95964999999994;5.999999999999645
8.28999999999999914735;90.30044999999993;6.000000000000355
8.30000000000000071054;90.64184999999998;5.9999999999992895
8.31000000000000049738;90.98379999999997;4.999999999999822
8.32000000000000028422;91.32629999999996;6.000000000000355
8.33000000000000007105;91.66939999999995; 
8.33999999999999985789;92.01304999999995;4.999999999999822
8.34999999999999964473;92.35724999999994;6.000000000000355
8.35999999999999943157;92.70204999999993;5.999999999999645
8.3699999999999992184;93.04739999999993;5.000000000000533
8.3800000000000007816;93.39329999999998;5.999999999998579
8.39000000000000056843;93.73979999999997;6.000000000000355
8.40000000000000035527;94.08689999999997; 
8.41000000000000014211;94.43454999999996;4.999999999999822
8.41999999999999992895;94.78274999999995;6.000000000000355
8.42999999999999971578;95.13154999999995;5.999999999999645
8.43999999999999950262;95.48089999999993;5.000000000000533
8.44999999999999928946;95.83079999999993;6.000000000000355
8.46000000000000085265;96.18129999999998;5.999999999998579
8.47000000000000063949;96.53234999999997;5.000000000000533
8.48000000000000042633;96.88394999999996;5.999999999999645
8.49000000000000021316;97.23614999999995;6.000000000000355
8.5;97.58889999999994;4.999999999999822
8.50999999999999978684;97.94219999999993;6.000000000000355
8.51999999999999957367;98.29604999999992;4.999999999999822
8.52999999999999936051;98.65044999999992;6.000000000000355
8.53999999999999914735;99.00544999999991; 
8.55000000000000071054;99.36099999999996;4.999999999998934
8.56000000000000049738;99.71709999999996;6.000000000000355
8.57000000000000028422;100.07379999999995; 
8.58000000000000007105;100.43104999999994;4.999999999999822
8.58999999999999985789;100.78884999999994;6.000000000000355
8.59999999999999964473;101.14719999999993;4.999999999999822
8.60999999999999943157;101.50609999999992;6.000000000000355
8.6199999999999992184;101.86559999999992;5.999999999999645
8.6300000000000007816;102.22564999999997;4.999999999999645
8.64000000000000056843;102.58624999999996;6.000000000000355
8.65000000000000035527;102.94739999999996;4.999999999999822
8.66000000000000014211;103.30909999999996;6.000000000000355
8.66999999999999992895;103.67139999999995;5.999999999999645
8.67999999999999971578;104.03424999999994;5.000000000000533
8.68999999999999950262;104.39764999999994;5.999999999999645
8.69999999999999928946;104.76159999999993;5.000000000000533
8.71000000000000085265;105.1261;5.999999999998579
8.72000000000000063949;105.49119999999999;6.000000000000355
8.73000000000000042633;105.85684999999998;5.000000000000533
8.74000000000000021316;106.22304999999997;5.999999999999645
8.75;106.58979999999997;5.000000000000533
8.75999999999999978684;106.95709999999995;5.999999999999645
8.76999999999999957367;107.32494999999994;5.000000000000533
8.77999999999999936051;107.69334999999994;5.999999999999645
8.78999999999999914735;108.06229999999994;5.000000000000533
8.80000000000000071054;108.4318;5.999999999998579
8.81000000000000049738;108.80184999999999;5.000000000000533
8.82000000000000028422;109.17244999999998;6.000000000000355
8.83000000000000007105;109.54364999999997;5.999999999999645
8.83999999999999985789;109.91539999999996;5.000000000000533
8.84999999999999964473;110.28769999999996;5.999999999999645
8.85999999999999943157;110.66054999999994;5.000000000000533
8.8699999999999992184;111.03394999999993;5.999999999999645
8.8800000000000007816;111.4079;4.999999999999645
8.89000000000000056843;111.7824;5.999999999999645
8.90000000000000035527;112.15744999999998;5.000000000000533
8.91000000000000014211;112.53304999999997;6.000000000000355
8.91999999999999992895;112.90919999999997;4.999999999999822
8.92999999999999971578;113.28589999999996;6.000000000000355
8.93999999999999950262;113.66314999999994;4.999999999999822
8.94999999999999928946;114.04094999999994;6.000000000000355
8.96000000000000085265;114.41929999999999;4.999999999998934
8.97000000000000063949;114.79814999999998;4.999999999999822
8.98000000000000042633;115.17754999999997;6.000000000000355
8.99000000000000021316;115.55749999999996;5.000000000000533
9;115.93799999999996;5.999999999999645
9.00999999999999978684;116.31904999999995;5.000000000000533
9.01999999999999957367;116.70064999999994;5.999999999999645
9.02999999999999936051;117.08279999999993;5.000000000000533
9.03999999999999914735;117.46549999999992;5.999999999999645
9.05000000000000071054;117.84874999999998;4.999999999999645
9.06000000000000049738;118.23254999999997;5.999999999999645
9.07000000000000028422;118.61689999999997;5.000000000000533
9.08000000000000007105;119.00174999999996;4.999999999999822
9.08999999999999985789;119.38714999999995;6.000000000000355
9.09999999999999964473;119.77309999999994;4.999999999999822
9.10999999999999943157;120.15959999999994;6.000000000000355
9.1199999999999992184;120.54664999999993;4.999999999999822
9.1300000000000007816;120.93424999999999;5.9999999999992895
9.14000000000000056843;121.32239999999999;5.000000000000533
9.15000000000000035527;121.71104999999999;4.999999999999822
9.16000000000000014211;122.10024999999997;6.000000000000355
9.16999999999999992895;122.48999999999997;4.999999999999822
9.17999999999999971578;122.88029999999996;6.000000000000355
9.18999999999999950262;123.27114999999995;4.999999999999822
9.19999999999999928946;123.66249999999994; 
9.21000000000000085265;124.0544;5.9999999999992895
9.22000000000000063949;124.44685;5.000000000000533
9.23000000000000042633;124.83984999999998;5.999999999999645
9.24000000000000021316;125.23339999999997;5.000000000000533
9.25;125.62744999999997;4.999999999999822
9.25999999999999978684;126.02204999999996;6.000000000000355
9.26999999999999957367;126.41719999999995;4.999999999999822
9.27999999999999936051;126.81284999999994;5.000000000000533
9.28999999999999914735;127.20904999999993;5.999999999999645
9.30000000000000071054;127.6058;4.999999999999645
9.31000000000000049738;128.00305;4.999999999999822
9.32000000000000028422;128.40085;6.000000000000355
9.33000000000000007105;128.79919999999998;4.999999999999822
9.33999999999999985789;129.19804999999997; 
9.34999999999999964473;129.59744999999995;6.000000000000355
9.35999999999999943157;129.99739999999994;5.000000000000533
9.3699999999999992184;130.39784999999992;4.999999999999822
9.3800000000000007816;130.79885;5.9999999999992895
9.39000000000000056843;131.20039999999997;4.999999999999822
9.40000000000000035527;131.60244999999998; 
9.41000000000000014211;132.00504999999995;6.000000000000355
9.41999999999999992895;132.40819999999994;5.000000000000533
9.42999999999999971578;132.81184999999994;4.999999999999822
9.43999999999999950262;133.21604999999994;6.000000000000355
9.44999999999999928946;133.62079999999992;4.999999999999822
9.46000000000000085265;134.02604999999997;4.999999999998934
9.47000000000000063949;134.43184999999997;6.000000000000355
9.48000000000000042633;134.83819999999997;4.999999999999822
9.49000000000000021316;135.24504999999996;5.000000000000533
9.5;135.65239999999994;4.999999999999822
9.50999999999999978684;136.06029999999993;6.000000000000355
9.51999999999999957367;136.46874999999991;4.999999999999822
9.52999999999999936051;136.87769999999992;5.000000000000533
9.53999999999999914735;137.2871999999999;5.999999999999645
9.55000000000000071054;137.69724999999997;4.999999999999645
9.56000000000000049738;138.10779999999997;4.999999999999822
9.57000000000000028422;138.51884999999996;5.000000000000533
9.58000000000000007105;138.93044999999995;5.999999999999645
9.58999999999999985789;139.34259999999995;5.000000000000533
9.59999999999999964473;139.75524999999993;4.999999999999822
9.60999999999999943157;140.16839999999993;5.000000000000533
9.6199999999999992184;140.5820999999999;5.999999999999645
9.6300000000000007816;140.99634999999998;4.999999999999645
9.64000000000000056843;141.41109999999998;4.999999999999822
9.65000000000000035527;141.82634999999996; 
9.66000000000000014211;142.24214999999995;6.000000000000355
9.66999999999999992895;142.65849999999995;4.999999999999822
9.67999999999999971578;143.07534999999993;5.000000000000533
9.68999999999999950262;143.49269999999993;4.999999999999822
9.69999999999999928946;143.91054999999992;5.000000000000533
9.71000000000000085265;144.32895;5.999999999998579
9.72000000000000063949;144.7479;5.000000000000533
9.73000000000000042633;145.16734999999997;4.999999999999822
9.74000000000000021316;145.58729999999997;5.000000000000533
9.75;146.00774999999996;4.999999999999822
9.75999999999999978684;146.42874999999995;6.000000000000355
9.76999999999999957367;146.85029999999995;4.999999999999822
9.77999999999999936051;147.27234999999993; 
9.78999999999999914735;147.69489999999993;5.000000000000533
9.80000000000000071054;148.11795;4.999999999998934
9.81000000000000049738;148.54155;6.000000000000355
9.82000000000000028422;148.9657;4.999999999999822
9.83000000000000007105;149.39034999999998;5.000000000000533
9.83999999999999985789;149.8155;4.999999999999822
9.84999999999999964473;150.24114999999998;5.000000000000533
9.85999999999999943157;150.66729999999995;4.999999999999822
9.8699999999999992184;151.09399999999994;6.000000000000355
9.8800000000000007816;151.52125;4.999999999998934
9.89000000000000056843;151.949;4.999999999999822
9.90000000000000035527;152.37725;5.000000000000533
9.91000000000000014211;152.80599999999998;4.999999999999822
9.91999999999999992895;153.23524999999998;5.000000000000533
9.92999999999999971578;153.66499999999996;4.999999999999822
9.93999999999999950262;154.09524999999996; 
9.94999999999999928946;154.52604999999997;6.000000000000355
9.96000000000000085265;154.95740000000004;4.999999999998934
9.97000000000000063949;155.38925000000003;5.000000000000533
9.98000000000000042633;155.82160000000002;4.999999999999822
9.99000000000000021316;156.25445000000002;5.000000000000533
10;156.6878;4.999999999999822
10.00999999999999978684;157.12165; 
10.01999999999999957367;157.55599999999998;5.000000000000533
10.02999999999999936051;157.99089999999998;6.000000000000355
10.03999999999999914735;158.42634999999999;4.999999999999822
10.05000000000000071054;158.86230000000006;4.999999999998934
10.06000000000000049738;159.29875000000004;5.000000000000533
10.07000000000000028422;159.73570000000004;4.999999999999822
10.08000000000000007105;160.17315000000002;5.000000000000533
10.08999999999999985789;160.61110000000002;4.999999999999822
10.09999999999999964473;161.04955; 
10.10999999999999943157;161.4885;5.000000000000533
10.1199999999999992184;161.92794999999998;4.999999999999822
10.1300000000000007816;162.36790000000005;4.999999999999645
10.14000000000000056843;162.80835000000005;4.999999999999822
10.15000000000000035527;163.24930000000003; 
10.16000000000000014211;163.69080000000002;6.000000000000355
10.16999999999999992895;164.13285000000002;4.999999999999822
10.17999999999999971578;164.5754;5.000000000000533
10.18999999999999950262;165.01845;4.999999999999822
10.19999999999999928946;165.462;5.000000000000533
10.21000000000000085265;165.90605000000005;4.999999999998934
10.22000000000000063949;166.35060000000004;4.999999999999822
10.23000000000000042633;166.79565000000002;5.000000000000533
10.24000000000000021316;167.24120000000002;4.999999999999822
10.25;167.68725;5.000000000000533
10.25999999999999978684;168.1338;4.999999999999822
10.26999999999999957367;168.58085; 
10.27999999999999936051;169.02839999999998;5.000000000000533
10.28999999999999914735;169.47644999999997;4.999999999999822
10.30000000000000071054;169.92500000000004;4.999999999999645
10.31000000000000049738;170.37405000000004;4.999999999999822
10.32000000000000028422;170.82360000000003; 
10.33000000000000007105;171.27365000000003;5.000000000000533
10.33999999999999985789;171.72420000000002;4.999999999999822
10.34999999999999964473;172.17525;5.000000000000533
10.35999999999999943157;172.6268;4.999999999999822
10.3699999999999992184;173.07885; 
10.3800000000000007816;173.53140000000005;4.999999999999645
10.39000000000000056843;173.98445000000004;4.999999999999822
10.40000000000000035527;174.43800000000002;5.000000000000533
10.41000000000000014211;174.89205;4.999999999999822
10.41999999999999992895;175.3466; 
10.42999999999999971578;175.80165;5.000000000000533
10.43999999999999950262;176.25719999999998;4.999999999999822
10.44999999999999928946;176.71324999999996;5.000000000000533
10.46000000000000085265;177.16980000000004;4.999999999998934
10.47000000000000063949;177.62685000000002;4.999999999999822
10.48000000000000042633;178.08440000000002;5.000000000000533
10.49000000000000021316;178.54245;4.999999999999822
10.5;179.00095;4.0
10.50999999999999978684;179.45989999999998;5.000000000000533
10.51999999999999957367;179.91934999999998;4.999999999999822
10.52999999999999936051;180.37929999999997;5.000000000000533
10.53999999999999914735;180.83974999999995;4.999999999999822
10.55000000000000071054;181.30070000000003;4.999999999998934
10.56000000000000049738;181.76215000000002;5.000000000000533
10.57000000000000028422;182.22410000000002;4.999999999999822
10.58000000000000007105;182.68655;5.000000000000533
10.58999999999999985789;183.1495;4.999999999999822
10.59999999999999964473;183.61294999999998; 
10.60999999999999943157;184.07689999999997;5.000000000000533
10.6199999999999992184;184.54134999999997;4.999999999999822
10.6300000000000007816;185.00625000000005;3.9999999999992895
10.64000000000000056843;185.47160000000005;5.000000000000533
10.65000000000000035527;185.93745000000004;4.999999999999822
10.66000000000000014211;186.40380000000002; 
10.66999999999999992895;186.87065;5.000000000000533
10.67999999999999971578;187.338;4.999999999999822
10.68999999999999950262;187.80585;5.000000000000533
10.69999999999999928946;188.27419999999998;4.999999999999822
10.71000000000000085265;188.74305000000004;4.999999999998934
10.72000000000000063949;189.21235000000004;4.0000000000007105
10.73000000000000042633;189.68210000000002;4.999999999999822
10.74000000000000021316;190.15235; 
10.75;190.6231;5.000000000000533
10.75999999999999978684;191.09435;4.999999999999822
10.76999999999999957367;191.56609999999998;5.000000000000533
10.77999999999999936051;192.03834999999998;4.999999999999822
10.78999999999999914735;192.51104999999998;4.0
10.80000000000000071054;192.98420000000004;4.999999999999645
10.81000000000000049738;193.45785000000004;4.999999999999822
10.82000000000000028422;193.93200000000002; 
10.83000000000000007105;194.40665;5.000000000000533
10.83999999999999985789;194.8818;4.999999999999822
10.84999999999999964473;195.35739999999998;4.0
10.85999999999999943157;195.83344999999997;5.000000000000533
10.8699999999999992184;196.30999999999997;4.999999999999822
10.8800000000000007816;196.78705000000005;4.999999999998934
10.89000000000000056843;197.26460000000003;5.000000000000533
10.90000000000000035527;197.74265000000003;4.999999999999822
10.91000000000000014211;198.22115000000002;4.0
10.91999999999999992895;198.70010000000002;5.000000000000533
10.92999999999999971578;199.17955;4.999999999999822
10.93999999999999950262;199.6595;5.000000000000533
10.94999999999999928946;200.13995;4.999999999999822
10.96000000000000085265;200.62085000000008;3.9999999999992895
10.97000000000000063949;201.10220000000007;4.999999999999822
10.98000000000000042633;201.58405000000005;5.000000000000533
10.99000000000000021316;202.06640000000004;4.999999999999822
11;202.54920000000004;4.0
11.00999999999999978684;203.03245000000004;5.000000000000533
11.01999999999999957367;203.51620000000003;4.999999999999822
11.02999999999999936051;204.00045000000003;5.000000000000533
11.03999999999999914735;204.48520000000002;4.999999999999822
11.05000000000000071054;204.9704000000001;3.9999999999992895
11.06000000000000049738;205.4560500000001;5.000000000000533
11.07000000000000028422;205.94220000000007;4.999999999999822
11.08000000000000007105;206.42885000000007; 
11.08999999999999985789;206.91595000000007;4.0
11.09999999999999964473;207.40350000000007;5.000000000000533
11.10999999999999943157;207.89155000000005;4.999999999999822
11.1199999999999992184;208.38010000000006;5.000000000000533
11.1300000000000007816;208.86910000000015;3.9999999999992895
11.14000000000000056843;209.35855000000012;4.999999999999822
11.15000000000000035527;209.84850000000012;5.000000000000533
11.16000000000000014211;210.3389500000001;4.999999999999822
11.16999999999999992895;210.82985000000008;4.0
11.17999999999999971578;211.32120000000006;4.999999999999822
11.18999999999999950262;211.81305000000006;5.000000000000533
11.19999999999999928946;212.30535000000006;4.0
11.21000000000000085265;212.79810000000015;4.999999999998934
11.22000000000000063949;213.29135000000014;5.000000000000533
11.23000000000000042633;213.7851000000001;4.999999999999822
11.24000000000000021316;214.2793000000001;4.0
11.25;214.77395000000007;5.000000000000533
11.25999999999999978684;215.26910000000007;4.999999999999822
11.26999999999999957367;215.76470000000006;4.0
11.27999999999999936051;216.26075000000006;5.000000000000533
11.28999999999999914735;216.75730000000004;4.999999999999822
11.30000000000000071054;217.25430000000011;3.9999999999992895
11.31000000000000049738;217.7517500000001;5.000000000000533
11.32000000000000028422;218.2497000000001;4.999999999999822
11.33000000000000007105;218.74810000000008;4.0
11.33999999999999985789;219.24695000000006;4.999999999999822
11.34999999999999964473;219.74630000000005;5.000000000000533
11.35999999999999943157;220.24610000000004;4.0
11.3699999999999992184;220.74635000000004;4.999999999999822
11.3800000000000007816;221.2471000000001;4.999999999999645
11.39000000000000056843;221.74830000000009;4.0
11.40000000000000035527;222.24995000000007;4.999999999999822
11.41000000000000014211;222.75210000000007;5.000000000000533
11.41999999999999992895;223.25470000000007;4.0
11.42999999999999971578;223.75775000000007;4.999999999999822
11.43999999999999950262;224.26130000000006;5.000000000000533
11.44999999999999928946;224.76530000000005;4.0
11.46000000000000085265;225.26975000000013;4.999999999998934
11.47000000000000063949;225.7747000000001;5.000000000000533
11.48000000000000042633;226.2801000000001;4.0
11.49000000000000021316;226.78595000000007;4.999999999999822
11.5;227.29230000000007; 
11.50999999999999978684;227.79910000000007;4.0000000000007105
11.51999999999999957367;228.30635000000007;4.999999999999822
11.52999999999999936051;228.81405000000007;4.0
11.53999999999999914735;229.32220000000007;5.000000000000533
11.55000000000000071054;229.83085000000014;4.999999999998934
11.56000000000000049738;230.33995000000013;4.0
11.57000000000000028422;230.84950000000012;4.999999999999822
11.58000000000000007105;231.35425000000012;-101.00000000000196
11.58999999999999985789;231.8536000000001;-7.000000000000178
11.59999999999999964473;232.3522500000001; 
11.60999999999999943157;232.85020000000011; 
11.6199999999999992184;233.3474500000001; 
11.6300000000000007816;233.84400000000016;-6.999999999998934
11.64000000000000056843;234.33980000000017;-8.0
11.65000000000000035527;234.83485000000016;-7.000000000000178
11.66000000000000014211;235.32920000000016; 
11.66999999999999992895;235.82285000000016; 
11.67999999999999971578;236.31580000000014; 
11.68999999999999950262;236.80805000000012; 
11.69999999999999928946;237.2996000000001; 
11.71000000000000085265;237.7904500000002;-6.999999999998934
11.72000000000000063949;238.2806000000002;-7.000000000000178
11.73000000000000042633;238.77005000000017; 
11.74000000000000021316;239.25880000000015;-6.999999999999467
11.75;239.74685000000014;-7.000000000000178
11.75999999999999978684;240.23420000000013; 
11.76999999999999957367;240.72085000000013; 
11.77999999999999936051;241.20680000000013; 
11.78999999999999914735;241.6920500000001; 
11.80000000000000071054;242.1766500000002;-5.9999999999992895
11.81000000000000049738;242.6606000000002;-7.000000000000178
11.82000000000000028422;243.14385000000019; 
11.83000000000000007105;243.6264000000002; 
11.83999999999999985789;244.10825000000017; 
11.84999999999999964473;244.58940000000015; 
11.85999999999999943157;245.06985000000014; 
11.8699999999999992184;245.54960000000014; 
11.8800000000000007816;246.0287000000002;-5.999999999998579
11.89000000000000056843;246.5071500000002;-7.000000000000178
11.90000000000000035527;246.98490000000018; 
11.91000000000000014211;247.46195000000017; 
11.91999999999999992895;247.93830000000017; 
11.92999999999999971578;248.41395000000017; 
11.93999999999999950262;248.88895000000016;-6.000000000000355
11.94999999999999928946;249.36330000000015;-7.000000000000178
11.96000000000000085265;249.83695000000023;-6.999999999998934
11.97000000000000063949;250.30990000000023;-7.000000000000178
11.98000000000000042633;250.78220000000022;-5.999999999999645
11.99000000000000021316;251.2538500000002;-7.000000000000178
12;251.7248000000002; 
12.00999999999999978684;252.19505000000018; 
12.01999999999999957367;252.66465000000017;-6.000000000000355
12.02999999999999936051;253.13360000000014;-7.000000000000178
12.03999999999999914735;253.60185000000013; 
12.05000000000000071054;254.0694500000002;-5.9999999999992895
12.06000000000000049738;254.53640000000019;-7.000000000000178
12.07000000000000028422;255.0026500000002;-6.999999999999467
12.08000000000000007105;255.46825000000018;-6.000000000000355
12.08999999999999985789;255.93320000000017;-7.000000000000178
12.09999999999999964473;256.39745000000016; 
12.10999999999999943157;256.86105000000015;-6.000000000000355
12.1199999999999992184;257.3240000000001;-7.000000000000178
12.1300000000000007816;257.7863000000002;-5.999999999998579
12.14000000000000056843;258.2479500000002;-7.000000000000178
12.15000000000000035527;258.70890000000014; 
12.16000000000000014211;259.16920000000016;-6.000000000000355
12.16999999999999992895;259.62885000000017;-7.000000000000178
12.17999999999999971578;260.0878500000002;-6.000000000000355
12.18999999999999950262;260.54620000000017;-7.000000000000178
12.19999999999999928946;261.00390000000016;-5.999999999999645
12.21000000000000085265;261.46095000000025;-6.999999999998934
12.22000000000000063949;261.9173500000002;-6.000000000000355
12.23000000000000042633;262.3731000000002;-7.000000000000178
12.24000000000000021316;262.8282000000002;-6.000000000000355
12.25;263.2826500000002;-7.000000000000178
12.25999999999999978684;263.7364500000002;-5.999999999999645
12.26999999999999957367;264.1896000000002;-7.000000000000178
12.27999999999999936051;264.6421000000002;-6.000000000000355
12.28999999999999914735;265.0939500000002;-7.000000000000178
12.30000000000000071054;265.54515000000026;-5.999999999998579
12.31000000000000049738;265.9957000000002;-7.000000000000178
12.32000000000000028422;266.44560000000024;-6.000000000000355
12.33000000000000007105;266.89485000000025;-7.000000000000178
12.33999999999999985789;267.34345000000025;-6.000000000000355
12.34999999999999964473;267.7914500000002;-5.999999999999645
12.35999999999999943157;268.2388000000002;-7.000000000000178
12.3699999999999992184;268.68550000000016;-6.000000000000355
12.3800000000000007816;269.13155000000023;-6.999999999998934
12.39000000000000056843;269.57695000000024;-6.000000000000355
12.40000000000000035527;270.0217500000002;-5.999999999999645
12.41000000000000014211;270.4659000000002;-7.000000000000178
12.41999999999999992895;270.9094000000002;-6.000000000000355
12.42999999999999971578;271.3523000000002; 
12.43999999999999950262;271.7945500000002;-7.000000000000178
12.44999999999999928946;272.2361500000002;-5.999999999999645
12.46000000000000085265;272.67715000000027;-5.9999999999992895
12.47000000000000063949;273.1175500000003;-6.000000000000355
12.48000000000000042633;273.5573000000003;-7.000000000000178
12.49000000000000021316;273.9964000000003;-5.999999999999645
12.5;274.43490000000025;-6.000000000000355
12.50999999999999978684;274.8727500000002;-7.000000000000178
12.51999999999999957367;275.30995000000024;-6.000000000000355
12.52999999999999936051;275.74655000000024;-5.999999999999645
12.53999999999999914735;276.1825500000002;-6.000000000000355
12.55000000000000071054;276.6179500000003;-5.9999999999992895
12.56000000000000049738;277.0527000000003;-7.000000000000178
12.57000000000000028422;277.4868000000003;-5.999999999999645
12.58000000000000007105;277.9203000000003;-6.000000000000355
12.58999999999999985789;278.3532000000003; 
12.59999999999999964473;278.7855000000003;-5.999999999999645
12.60999999999999943157;279.2171500000003;-7.000000000000178
12.6199999999999992184;279.64815000000027;-6.000000000000355
12.6300000000000007816;280.07855000000035;-5.9999999999992895
12.64000000000000056843;280.50835000000035;-5.999999999999645
12.65000000000000035527;280.93755000000033;-6.000000000000355
12.66000000000000014211;281.36615000000035; 
12.66999999999999992895;281.79415000000034;-5.999999999999645
12.67999999999999971578;282.22150000000033;-7.000000000000178
12.68999999999999950262;282.6482000000003;-6.000000000000355
12.69999999999999928946;283.0743000000003; 
12.71000000000000085265;283.49980000000033;-5.999999999998579
12.72000000000000063949;283.9247000000003;-6.000000000000355
12.73000000000000042633;284.34900000000033; 
12.74000000000000021316;284.7727000000003;-5.999999999999645
12.75;285.1958000000003;-6.000000000000355
12.75999999999999978684;285.6183000000003; 
12.76999999999999957367;286.0402000000003; 
12.77999999999999936051;286.4615000000003;-5.999999999999645
12.78999999999999914735;286.8822000000003;-6.000000000000355
12.80000000000000071054;287.30230000000034;-5.9999999999992895
12.81000000000000049738;287.7218000000003;-5.999999999999645
12.82000000000000028422;288.1407000000003;-6.000000000000355
12.83000000000000007105;288.5590000000003; 
12.83999999999999985789;288.9767000000003;-5.999999999999645
12.84999999999999964473;289.3938000000003;-6.000000000000355
12.85999999999999943157;289.81030000000027; 
12.8699999999999992184;290.22620000000023;-5.999999999999645
12.8800000000000007816;290.6415000000003;-5.9999999999992895
12.89000000000000056843;291.0562000000003;-6.000000000000355
12.90000000000000035527;291.4703000000003;-5.999999999999645
12.91000000000000014211;291.8838000000003;-6.000000000000355
12.91999999999999992895;292.29675000000026;-4.999999999999822
12.92999999999999971578;292.70915000000025;-6.000000000000355
12.93999999999999950262;293.1209500000002; 
12.94999999999999928946;293.53215000000023;-5.999999999999645
12.96000000000000085265;293.9427500000003;-5.9999999999992895
12.97000000000000063949;294.35275000000024;-6.000000000000355
12.98000000000000042633;294.76215000000025; 
12.99000000000000021316;295.17095000000023;-5.999999999999645
13;295.57920000000024;-5.000000000000533
13.00999999999999978684;295.9869000000002;-5.999999999999645
13.01999999999999957367;296.39400000000023;-6.000000000000355
13.02999999999999936051;296.8005000000002; 
13.03999999999999914735;297.2064000000002;-5.999999999999645
13.05000000000000071054;297.61175000000026;-4.999999999999645
13.06000000000000049738;298.0165500000002;-5.999999999999645
13.07000000000000028422;298.4207500000002;-6.000000000000355
13.08000000000000007105;298.8243500000002; 
13.08999999999999985789;299.2274000000002;-4.999999999999822
13.09999999999999964473;299.6299000000002;-6.000000000000355
13.10999999999999943157;300.0318000000002; 
13.1199999999999992184;300.4331000000002;-5.999999999999645
13.1300000000000007816;300.83385000000027;-4.999999999999645
13.14000000000000056843;301.23405000000025;-5.999999999999645
13.15000000000000035527;301.6336500000002;-6.000000000000355
13.16000000000000014211;302.0326500000002; 
13.16999999999999992895;302.4311000000002;-4.999999999999822
13.17999999999999971578;302.8290000000002;-6.000000000000355
13.18999999999999950262;303.22630000000015;-5.999999999999645
13.19999999999999928946;303.62305000000015;-5.000000000000533
13.21000000000000085265;304.0192500000002;-5.999999999998579
13.22000000000000063949;304.41485000000023;-6.000000000000355
13.23000000000000042633;304.8099000000002;-5.000000000000533
13.24000000000000021316;305.2044000000002;-5.999999999999645
13.25;305.5983500000002;-5.000000000000533
13.25999999999999978684;305.9917500000002;-5.999999999999645
13.26999999999999957367;306.38455000000016;-6.000000000000355
13.27999999999999936051;306.77680000000015;-4.999999999999822
13.28999999999999914735;307.16850000000017;-6.000000000000355
13.30000000000000071054;307.5596000000002;-5.9999999999992895
13.31000000000000049738;307.95015000000024;-4.999999999999822
13.32000000000000028422;308.3401500000002;-6.000000000000355
13.33000000000000007105;308.72960000000023;-4.999999999999822
13.33999999999999985789;309.1185000000002;-6.000000000000355
13.34999999999999964473;309.5068500000002;-4.999999999999822
13.35999999999999943157;309.8946500000002;-6.000000000000355
13.3699999999999992184;310.2819000000002;-4.999999999999822
13.3800000000000007816;310.66860000000025;-5.9999999999992895
13.39000000000000056843;311.05475000000024;-4.999999999999822
13.40000000000000035527;311.44035000000025;-6.000000000000355
13.41000000000000014211;311.82540000000023;-5.000000000000533
13.41999999999999992895;312.20990000000023;-5.999999999999645
13.42999999999999971578;312.5938500000002;-5.000000000000533
13.43999999999999950262;312.9772500000002;-5.999999999999645
13.44999999999999928946;313.3601000000002;-5.000000000000533
13.46000000000000085265;313.74240000000026;-5.999999999998579
13.47000000000000063949;314.12415000000027;-5.000000000000533
13.48000000000000042633;314.50535000000025;-5.999999999999645
13.49000000000000021316;314.88600000000025;-5.000000000000533
13.5;315.2661000000002;-6.000000000000355
13.50999999999999978684;315.6456500000002;-4.999999999999822
13.51999999999999957367;316.0247000000002; 
13.52999999999999936051;316.4032000000002;-6.000000000000355
13.53999999999999914735;316.7811500000002;-4.999999999999822
13.55000000000000071054;317.1585500000003;-5.9999999999992895
13.56000000000000049738;317.53540000000027;-5.000000000000533
13.57000000000000028422;317.91175000000027;-4.999999999999822
13.58000000000000007105;318.28755000000024;-6.000000000000355
13.58999999999999985789;318.66280000000023;-4.999999999999822
13.59999999999999964473;319.03755000000024; 
13.60999999999999943157;319.4117500000002;-6.000000000000355
13.6199999999999992184;319.7854000000002;-4.999999999999822
13.6300000000000007816;320.1585500000003;-4.999999999999645
13.64000000000000056843;320.53115000000025;-6.000000000000355
13.65000000000000035527;320.90320000000025;-4.999999999999822
13.66000000000000014211;321.27475000000027; 
13.66999999999999992895;321.64575000000025;-6.000000000000355
13.67999999999999971578;322.01620000000025;-4.999999999999822
13.68999999999999950262;322.38615000000027;-5.000000000000533
13.69999999999999928946;322.75555000000026;-6.000000000000355
13.71000000000000085265;323.1244000000003;-4.999999999998934
13.72000000000000063949;323.4927500000003;-4.999999999999822
13.73000000000000042633;323.86060000000026;-5.000000000000533
13.74000000000000021316;324.22790000000026;-5.999999999999645
13.75;324.59465000000023;-5.000000000000533
13.75999999999999978684;324.9609000000002;-4.999999999999822
13.76999999999999957367;325.3266500000002;-5.000000000000533
13.77999999999999936051;325.6918500000002;-5.999999999999645
13.78999999999999914735;326.0565000000002;-5.000000000000533
13.80000000000000071054;326.42065000000025;-4.999999999998934
13.81000000000000049738;326.78430000000026;-4.999999999999822
13.82000000000000028422;327.1474500000003;-5.000000000000533
13.83000000000000007105;327.51005000000026;-6.000000000000355
13.83999999999999985789;327.8721000000003;-4.999999999999822
13.84999999999999964473;328.23365000000024; 
13.85999999999999943157;328.5947000000002;-5.000000000000533
13.8699999999999992184;328.9552500000002;-4.999999999999822
13.8800000000000007816;329.31530000000026;-4.999999999999645
13.89000000000000056843;329.6748500000003;-4.999999999999822
13.90000000000000035527;330.03385000000026;-6.000000000000355
13.91000000000000014211;330.39230000000026;-4.999999999999822
13.91999999999999992895;330.7502500000003; 
13.92999999999999971578;331.10770000000025;-5.000000000000533
13.93999999999999950262;331.46465000000023;-4.999999999999822
13.94999999999999928946;331.82110000000023;-5.000000000000533
13.96000000000000085265;332.1770500000003;-4.999999999998934
13.97000000000000063949;332.5325000000003;-4.999999999999822
13.98000000000000042633;332.8874500000003;-5.000000000000533
13.99000000000000021316;333.24190000000027;-4.999999999999822
14;333.59585000000027;-5.000000000000533
14.00999999999999978684;333.9493000000003;-4.999999999999822
14.01999999999999957367;334.30220000000025;-6.000000000000355
14.02999999999999936051;334.65455000000026;-4.999999999999822
14.03999999999999914735;335.00640000000027;-5.000000000000533
14.05000000000000071054;335.35775000000035;-4.999999999998934
14.06000000000000049738;335.70860000000033;-4.999999999999822
14.07000000000000028422;336.0589500000003;-5.000000000000533
14.08000000000000007105;336.4088000000003;-4.999999999999822
14.08999999999999985789;336.75815000000034;-5.000000000000533
14.09999999999999964473;337.1070000000003;-4.999999999999822
14.10999999999999943157;337.4553500000003; 
14.1199999999999992184;337.8032000000003;-5.000000000000533
14.1300000000000007816;338.15055000000035;-4.999999999998934
14.14000000000000056843;338.49745000000036;-4.0
14.15000000000000035527;338.84390000000036;-5.000000000000533
14.16000000000000014211;339.1898500000004;-4.999999999999822
14.16999999999999992895;339.53530000000035; 
14.17999999999999971578;339.88025000000033;-5.000000000000533
14.18999999999999950262;340.2247000000003;-4.999999999999822
14.19999999999999928946;340.56865000000033;-5.000000000000533
14.21000000000000085265;340.9121000000004;-4.999999999998934
14.22000000000000063949;341.2550500000004;-4.999999999999822
14.23000000000000042633;341.59750000000037;-5.000000000000533
14.24000000000000021316;341.93945000000036;-4.999999999999822
14.25;342.2809000000004;-5.000000000000533
14.25999999999999978684;342.6219000000004;-4.0
14.26999999999999957367;342.9624500000004;-4.999999999999822
14.27999999999999936051;343.3025000000004;-5.000000000000533
14.28999999999999914735;343.6420500000004;-4.999999999999822
14.30000000000000071054;343.9811000000004;-4.999999999998934
14.31000000000000049738;344.3196500000004;-5.000000000000533
14.32000000000000028422;344.6577500000004;-4.0
14.33000000000000007105;344.9954000000004;-4.999999999999822
14.33999999999999985789;345.3325500000004;-5.000000000000533
14.34999999999999964473;345.66920000000044;-4.999999999999822
14.35999999999999943157;346.0053500000004; 
14.3699999999999992184;346.3410000000004;-5.000000000000533
14.3800000000000007816;346.67620000000045;-3.9999999999992895
14.39000000000000056843;347.01095000000043;-4.999999999999822
14.40000000000000035527;347.34520000000043;-5.000000000000533
14.41000000000000014211;347.67895000000044;-4.999999999999822
14.41999999999999992895;348.01225000000045;-4.0
14.42999999999999971578;348.34510000000046;-5.000000000000533
14.43999999999999950262;348.6774500000005;-4.999999999999822
14.44999999999999928946;349.00930000000045;-5.000000000000533
14.46000000000000085265;349.3407000000005;-3.9999999999992895
14.47000000000000063949;349.67165000000045;-4.999999999999822
14.48000000000000042633;350.00210000000044; 
14.49000000000000021316;350.33205000000044;-5.000000000000533
14.5;350.66155000000043;-4.0
14.50999999999999978684;350.9906000000004;-4.999999999999822
14.51999999999999957367;351.31915000000043;-5.000000000000533
14.52999999999999936051;351.64725000000044;-4.0
14.53999999999999914735;351.97490000000045;-4.999999999999822
14.55000000000000071054;352.3020500000005;-4.999999999999645
14.56000000000000049738;352.62875000000054;-4.0
14.57000000000000028422;352.95500000000055;-4.999999999999822
14.58000000000000007105;353.2807500000005;-5.000000000000533
14.58999999999999985789;353.6060500000005;-4.0
14.59999999999999964473;353.93090000000046;-4.999999999999822
14.60999999999999943157;354.25525000000044;-5.000000000000533
14.6199999999999992184;354.5791500000004;-4.0
14.6300000000000007816;354.90260000000046;-4.999999999998934
14.64000000000000056843;355.22560000000044;-4.0
14.65000000000000035527;355.5481500000004;-5.000000000000533
14.66000000000000014211;355.8702000000004;-4.999999999999822
14.66999999999999992895;356.1918000000004;-4.0
14.67999999999999971578;356.5129500000004;-4.999999999999822
14.68999999999999950262;356.8336500000004;-4.0000000000007105
14.69999999999999928946;357.15390000000036;-4.999999999999822
14.71000000000000085265;357.4736500000004;-4.9999999999992895
14.72000000000000063949;357.7929500000004;-4.0
14.73000000000000042633;358.1118000000004;-5.000000000000178
14.74000000000000021316;358.4302000000004;-4.0
14.75;358.7481500000004;-5.000000000000178
14.75999999999999978684;359.0656500000004;-4.0
14.76999999999999957367;359.3827000000004;-5.000000000000178
14.77999999999999936051;359.6993000000004;-4.0
14.78999999999999914735;360.0154500000004;-5.000000000000178
14.80000000000000071054;360.33115000000043;-3.9999999999992895
14.81000000000000049738;360.6464000000004;-5.000000000000178
14.82000000000000028422;360.9612000000004;-4.0
14.83000000000000007105;361.2755500000004;-5.000000000000178
14.83999999999999985789;361.5894500000004;-4.0
14.84999999999999964473;361.9029000000004;-5.000000000000178
14.85999999999999943157;362.2159000000004;-4.0
14.8699999999999992184;362.52845000000036;-5.000000000000178
14.8800000000000007816;362.8405500000004;-3.9999999999992895
14.89000000000000056843;363.1522000000004;-5.000000000000178
14.90000000000000035527;363.4634000000004;-4.0
14.91000000000000014211;363.77415000000036;-5.000000000000178
14.91999999999999992895;364.08445000000034;-4.0
14.92999999999999971578;364.3943500000003;-4.000000000000355
14.93999999999999950262;364.7038000000003;-4.999999999999822
14.94999999999999928946;365.01280000000025;-4.000000000000355
14.96000000000000085265;365.3213500000003;-4.9999999999992895
14.97000000000000063949;365.62945000000025;-4.0
14.98000000000000042633;365.93715000000026; 
14.99000000000000021316;366.24440000000027;-5.000000000000178
15;366.5512000000003;-4.0
15.00999999999999978684;366.8575500000003;-5.000000000000178
15.01999999999999957367;367.1634500000003;-4.0
15.02999999999999936051;367.4689500000003; 
15.03999999999999914735;367.7740000000003;-5.000000000000178
15.05000000000000071054;368.07860000000034;-3.9999999999992895
15.06000000000000049738;368.3828000000003;-4.000000000000355
15.07000000000000028422;368.6865500000003;-4.999999999999822
15.08000000000000007105;368.9898500000003;-4.000000000000355
15.08999999999999985789;369.29275000000024;-4.0
15.09999999999999964473;369.59520000000026;-5.000000000000178
15.10999999999999943157;369.8972000000003;-4.0
15.1199999999999992184;370.1988000000003; 
15.1300000000000007816;370.49995000000035;-4.9999999999992895
15.14000000000000056843;370.80065000000036;-4.0
15.15000000000000035527;371.10095000000035; 
15.16000000000000014211;371.40085000000033;-4.000000000000355
15.16999999999999992895;371.70015000000035;-8.0
15.17999999999999971578;371.99865000000034;-8.000000000000355
15.18999999999999950262;372.29635000000036;-8.0
15.19999999999999928946;372.59325000000035;-8.000000000000355
15.21000000000000085265;372.8893500000004;-7.999999999998579
15.22000000000000063949;373.1846500000004;-8.000000000000355
15.23000000000000042633;373.47915000000035;-8.0
15.24000000000000021316;373.77285000000035;-8.000000000000355
15.25;374.0657500000003;-8.0
15.25999999999999978684;374.3578500000003; 
15.26999999999999957367;374.6491500000003;-8.000000000000355
15.27999999999999936051;374.9396500000003;-8.0
15.28999999999999914735;375.2293500000003;-8.000000000000355
15.30000000000000071054;375.51825000000036;-7.999999999998579
15.31000000000000049738;375.80635000000035;-8.000000000000355
15.32000000000000028422;376.09365000000037;-8.0
15.33000000000000007105;376.38015000000036;-8.000000000000355
15.33999999999999985789;376.6658500000004;-8.0
15.34999999999999964473;376.95075000000037;-8.000000000000355
15.35999999999999943157;377.23485000000034;-8.0
15.3699999999999992184;377.51815000000033;-8.000000000000355
15.3800000000000007816;377.80065000000036;-7.999999999998579
15.39000000000000056843;378.08235000000036;-8.000000000000355
15.40000000000000035527;378.36325000000033;-8.0
15.41000000000000014211;378.64335000000034;-8.000000000000355
15.41999999999999992895;378.9226500000003;-8.0
15.42999999999999971578;379.2011500000003;-8.000000000000355
15.43999999999999950262;379.4788500000003;-8.0
15.44999999999999928946;379.7557500000003;-8.000000000000355
15.46000000000000085265;380.03185000000036;-7.999999999998579
15.47000000000000063949;380.3071500000004;-8.000000000000355
15.48000000000000042633;380.58165000000037;-8.0
15.49000000000000021316;380.8554000000004;-7.000000000000178
15.5;381.12840000000034;-8.0
15.50999999999999978684;381.40060000000034;-8.000000000000355
15.51999999999999957367;381.6720000000003;-8.0
15.52999999999999936051;381.9426000000003;-8.000000000000355
15.53999999999999914735;382.2124000000003;-8.0
15.55000000000000071054;382.48140000000035;-7.999999999998934
15.56000000000000049738;382.7496000000003;-8.0
15.57000000000000028422;383.01700000000034;-8.000000000000355
15.58000000000000007105;383.2836000000003;-8.0
15.58999999999999985789;383.54940000000033;-8.000000000000355
15.59999999999999964473;383.8144000000003;-8.0
15.60999999999999943157;384.07860000000034;-8.000000000000355
15.6199999999999992184;384.3420000000003;-8.0
15.6300000000000007816;384.60460000000035;-7.999999999998934
15.64000000000000056843;384.86640000000034;-8.0
15.65000000000000035527;385.1274000000003;-8.000000000000355
15.66000000000000014211;385.3876000000003;-8.0
15.66999999999999992895;385.6470000000003;-8.000000000000355
15.67999999999999971578;385.9056000000003;-8.0
15.68999999999999950262;386.16340000000025;-8.000000000000355
15.69999999999999928946;386.42040000000026;-8.0
15.71000000000000085265;386.6766000000003;-7.999999999998934
15.72000000000000063949;386.9320000000003;-8.0
15.73000000000000042633;387.1866000000003; 
15.74000000000000021316;387.4404000000003;-8.000000000000355
15.75;387.6934000000003;-8.0
15.75999999999999978684;387.9456000000003;-8.000000000000355
15.76999999999999957367;388.1970000000003;-8.0
15.77999999999999936051;388.4476000000003;-8.000000000000355
15.78999999999999914735;388.6974000000003;-8.0
15.80000000000000071054;388.9464000000003;-7.999999999998934
15.81000000000000049738;389.1946000000003;-8.0
15.82000000000000028422;389.4420000000003;-8.000000000000355
15.83000000000000007105;389.6886000000003;-8.0
15.83999999999999985789;389.93440000000027;-8.000000000000355
15.84999999999999964473;390.17940000000027;-8.0
15.85999999999999943157;390.42360000000025;-8.000000000000355
15.8699999999999992184;390.66700000000026;-8.0
15.8800000000000007816;390.9096000000003;-7.999999999998934
15.89000000000000056843;391.1514000000003;-8.0
15.90000000000000035527;391.3924000000003;-8.000000000000355
15.91000000000000014211;391.6326000000003;-8.0
15.91999999999999992895;391.8720000000003;-8.000000000000355
15.92999999999999971578;392.1106000000003;-8.0
15.93999999999999950262;392.3484000000003;-8.000000000000355
15.94999999999999928946;392.58540000000033;-8.0
15.96000000000000085265;392.8216500000004;-6.999999999998934
15.97000000000000063949;393.0571500000004;-8.0
15.98000000000000042633;393.29185000000035;-8.000000000000355
15.99000000000000021316;393.52575000000036;-8.0
16;393.75885000000034;-8.000000000000355
16.01000000000000156319;393.99115000000035;-7.999999999998579
16.01999999999999957367;394.22265000000027;-8.000000000001776
16.03000000000000113687;394.4533500000003;-7.999999999998579
16.03999999999999914735;394.6832500000002;-8.000000000001776
16.05000000000000071054;394.91235000000023;-7.999999999998579
16.05999999999999872102;395.14065000000016;-8.000000000001776
16.07000000000000028422;395.3681500000002;-7.999999999998579
16.0799999999999982947;395.5948500000001;-8.000000000001776
16.08999999999999985789;395.82075000000015;-7.999999999998579
16.10000000000000142109;396.0458500000002;-7.999999999998934
16.10999999999999943157;396.27015000000017;-8.000000000001421
16.12000000000000099476;396.49365000000023;-7.999999999998934
16.12999999999999900524;396.7163500000002;-8.000000000001421
16.14000000000000056843;396.93825000000027;-7.999999999998934
16.14999999999999857891;397.15935000000025;-8.000000000001421
16.16000000000000014211;397.37965000000025;-7.999999999998934
16.1700000000000017053;397.5991500000003;-7.999999999998579
16.17999999999999971578;397.81785000000025;-8.000000000001776
16.19000000000000127898;398.0357500000003;-7.999999999998579
16.19999999999999928946;398.25285000000025;-8.000000000001421
16.21000000000000085265;398.4691500000003;-7.999999999998934
16.21999999999999886313;398.68465000000026;-8.000000000001421
16.23000000000000042633;398.8993500000003;-7.999999999998934
16.23999999999999843681;399.1132500000003;-8.000000000001421
16.25;399.32635000000033;-7.999999999998934
16.26000000000000156319;399.53865000000036;-7.999999999998579
16.26999999999999957367;399.7501500000003;-8.000000000001776
16.28000000000000113687;399.96085000000033;-7.999999999998579
16.28999999999999914735;400.1707500000003;-8.000000000001776
16.30000000000000071054;400.3798500000003;-7.999999999998579
16.30999999999999872102;400.58815000000027;-8.000000000001776
16.32000000000000028422;400.7956500000003;-7.999999999998579
16.3299999999999982947;401.00235000000026;-8.000000000001776
16.33999999999999985789;401.2082500000003;-7.999999999998579
16.35000000000000142109;401.4133500000003;-7.999999999998934
16.35999999999999943157;401.61765000000025;-8.000000000001421
16.37000000000000099476;401.8211500000003;-7.999999999998934
16.37999999999999900524;402.0238500000002;-8.000000000001421
16.39000000000000056843;402.22575000000023;-7.999999999998934
16.39999999999999857891;402.4268500000002;-8.000000000001421
16.41000000000000014211;402.6271500000002;-7.999999999998934
16.4200000000000017053;402.82665000000026;-7.999999999998579
16.42999999999999971578;403.0254000000002;-7.000000000001421
16.44000000000000127898;403.22340000000025;-7.999999999998579
16.44999999999999928946;403.4206000000002;-8.000000000001776
16.46000000000000085265;403.61700000000025;-7.999999999998579
16.46999999999999886313;403.8126000000002;-8.000000000001776
16.48000000000000042633;404.00740000000025;-7.999999999998579
16.48999999999999843681;404.2014000000002;-8.000000000001776
16.5;404.39460000000025;-7.999999999998579
16.51000000000000156319;404.5870000000003;-7.999999999998934
16.51999999999999957367;404.7786000000002;-8.000000000001421
16.53000000000000113687;404.96940000000023;-7.999999999998934
16.53999999999999914735;405.1594000000002;-8.000000000001421
16.55000000000000071054;405.3486000000002;-7.999999999998934
16.55999999999999872102;405.53700000000015;-8.000000000001421
16.57000000000000028422;405.7246000000002;-7.999999999998934
16.5799999999999982947;405.9114000000001;-8.000000000001421
16.58999999999999985789;406.09740000000016;-7.999999999998934
16.60000000000000142109;406.2826000000002;-7.999999999998579
16.60999999999999943157;406.46700000000016;-8.000000000001776
16.62000000000000099476;406.65060000000017;-7.999999999998579
16.62999999999999900524;406.83340000000015;-8.000000000001776
16.64000000000000056843;407.01540000000017;-7.999999999998579
16.64999999999999857891;407.19660000000016;-8.000000000001776
16.66000000000000014211;407.3770000000002;-7.999999999998579
16.6700000000000017053;407.55660000000023; 
16.67999999999999971578;407.7354000000002;-8.000000000001776
16.69000000000000127898;407.91340000000025;-7.999999999998579
16.69999999999999928946;408.0906000000002;-8.000000000001776
16.71000000000000085265;408.2670000000002;-7.999999999998579
16.71999999999999886313;408.4426000000002;-8.000000000001776
16.73000000000000042633;408.6174000000002;-7.999999999998579
16.73999999999999843681;408.7914000000002;-8.000000000001776
16.75;408.9646000000002;-7.999999999998579
16.76000000000000156319;409.1370000000002;-7.999999999998934
16.76999999999999957367;409.3086000000002;-8.000000000001421
16.78000000000000113687;409.4794000000002;-7.999999999998934
16.78999999999999914735;409.6494000000002;-8.000000000001421
16.80000000000000071054;409.81860000000023;-7.999999999998934
16.80999999999999872102;409.9870000000002;-8.000000000001421
16.82000000000000028422;410.15460000000024;-7.999999999998934
16.8299999999999982947;410.3214000000002;-8.000000000001421
16.83999999999999985789;410.48740000000026;-7.999999999998934
16.85000000000000142109;410.6526000000003;-7.999999999998579
16.85999999999999943157;410.81700000000023;-8.000000000001776
16.87000000000000099476;410.98060000000027;-7.999999999998579
16.87999999999999900524;411.1434000000002;-8.000000000001776
16.89000000000000056843;411.30540000000025;-7.999999999998579
16.89999999999999857891;411.46665000000024;-7.000000000001421
16.91000000000000014211;411.62715000000026;-7.999999999998579
16.9200000000000017053;411.7868500000003;-7.999999999998934
16.92999999999999971578;411.94575000000026;-8.000000000001599
16.94000000000000127898;412.1038500000003;-7.9999999999987566
16.94999999999999928946;412.26115000000027;-8.000000000001599
16.96000000000000085265;412.4176500000003;-7.9999999999987566
16.96999999999999886313;412.5733500000003;-8.000000000001599
16.98000000000000042633;412.7282500000003;-7.9999999999987566
16.98999999999999843681;412.88235000000026;-8.000000000001599
17;413.03565000000026;-7.9999999999987566
17.01000000000000156319;413.1881500000003;-7.999999999998579
17.01999999999999957367;413.33985000000024;-8.000000000001599
17.03000000000000113687;413.4907500000003;-7.9999999999987566
17.03999999999999914735;413.6408500000002;-8.000000000001599
17.05000000000000071054;413.79015000000027;-7.9999999999987566
17.05999999999999872102;413.9386500000002;-8.000000000001599
17.07000000000000028422;414.08635000000027;-7.9999999999987566
17.0799999999999982947;414.2332500000002;-8.000000000001599
17.08999999999999985789;414.3793500000003;-7.9999999999987566
17.10000000000000142109;414.5246500000003; 
17.10999999999999943157;414.6691500000003;-8.000000000001599
17.12000000000000099476;414.8128500000003;-7.9999999999987566
17.12999999999999900524;414.9557500000003;-8.000000000001599
17.14000000000000056843;415.09785000000034;-7.9999999999987566
17.14999999999999857891;415.2391500000003;-8.000000000001599
17.16000000000000014211;415.3796500000003;-7.9999999999987566
17.1700000000000017053;415.5193500000003; 
17.17999999999999971578;415.6582500000003;-8.000000000001599
17.19000000000000127898;415.7963500000003;-7.9999999999987566
17.19999999999999928946;415.9336500000003;-8.000000000001599
17.21000000000000085265;416.0701500000003;-7.9999999999987566
17.21999999999999886313;416.2058500000003;-8.000000000001599
17.23000000000000042633;416.3407500000003;-7.9999999999987566
17.23999999999999843681;416.4748500000003;-8.000000000001599
17.25;416.6081500000003;-7.9999999999987566
17.26000000000000156319;416.7406500000003;-7.999999999998579
17.26999999999999957367;416.87235000000027;-8.000000000001599
17.28000000000000113687;417.00325000000026;-7.9999999999987566
17.28999999999999914735;417.13335000000023;-8.000000000001599
17.30000000000000071054;417.26265000000024;-7.9999999999987566
17.30999999999999872102;417.3911500000002;-8.000000000001599
17.32000000000000028422;417.5188500000002;-7.9999999999987566
17.3299999999999982947;417.6457500000002;-8.000000000001599
17.33999999999999985789;417.7718500000002;-7.9999999999987566
17.35000000000000142109;417.89715000000024; 
17.35999999999999943157;418.0216500000002;-8.000000000001599
17.37000000000000099476;418.1454000000002;-6.999999999998934
17.37999999999999900524;418.2684000000002;-8.000000000001599
17.39000000000000056843;418.39060000000023;-7.9999999999987566
17.39999999999999857891;418.5120000000002;-8.000000000001599
17.41000000000000014211;418.63260000000025;-7.9999999999987566
17.4200000000000017053;418.75240000000025; 
17.42999999999999971578;418.8714000000002;-8.000000000001599
17.44000000000000127898;418.9896000000002;-7.9999999999987566
17.44999999999999928946;419.1070000000002;-8.000000000001599
17.46000000000000085265;419.2236000000002;-7.9999999999987566
17.46999999999999886313;419.3394000000002;-8.000000000001599
17.48000000000000042633;419.4544000000002;-7.999999999998579
17.48999999999999843681;419.5686000000002;-8.000000000001599
17.5;419.6820000000002;-7.9999999999987566
17.51000000000000156319;419.79460000000023; 
17.51999999999999957367;419.9064000000002;-8.000000000001599
17.53000000000000113687;420.0174000000002;-7.9999999999987566
17.53999999999999914735;420.12760000000014;-8.000000000001599
17.55000000000000071054;420.23700000000014;-7.9999999999987566
17.55999999999999872102;420.3456000000001;-8.000000000001599
17.57000000000000028422;420.4534000000001;-7.9999999999987566
17.5799999999999982947;420.5604000000001;-8.000000000001599
17.58999999999999985789;420.6666000000001;-7.9999999999987566
17.60000000000000142109;420.7720000000001; 
17.60999999999999943157;420.8766000000001;-8.000000000001599
17.62000000000000099476;420.98040000000015;-7.9999999999987566
17.62999999999999900524;421.0834000000001;-8.000000000001599
17.64000000000000056843;421.18560000000014;-7.9999999999987566
17.64999999999999857891;421.2870000000001;-8.000000000001599
17.66000000000000014211;421.38760000000013;-7.9999999999987566
17.6700000000000017053;421.48740000000015; 
17.67999999999999971578;421.58640000000014;-8.000000000001599
17.69000000000000127898;421.68460000000016;-7.9999999999987566
17.69999999999999928946;421.78200000000015;-8.000000000001599
17.71000000000000085265;421.8786000000002;-7.9999999999987566
17.71999999999999886313;421.9744000000002;-8.000000000001599
17.73000000000000042633;422.0694000000002;-7.999999999998579
17.73999999999999843681;422.1636000000002;-8.000000000001599
17.75;422.25700000000023;-7.9999999999987566
17.76000000000000156319;422.34960000000024; 
17.76999999999999957367;422.4414000000002;-8.000000000001599
17.78000000000000113687;422.5324000000002;-7.9999999999987566
17.78999999999999914735;422.6226000000002;-8.000000000001599
17.80000000000000071054;422.7120000000002;-7.9999999999987566
17.80999999999999872102;422.8006000000002;-8.000000000001599
17.82000000000000028422;422.8884000000002;-7.9999999999987566
17.8299999999999982947;422.9754000000002;-8.000000000001599
17.83999999999999985789;423.0616500000002;-6.999999999998934
17.85000000000000142109;423.14715000000024;-7.9999999999987566
17.85999999999999943157;423.23185000000024;-8.000000000001599
17.87000000000000099476;423.31575000000026;-7.9999999999987566
17.87999999999999900524;423.39885000000027;-8.000000000001599
17.89000000000000056843;423.4811500000003;-7.9999999999987566
17.89999999999999857891;423.5626500000003;-8.000000000001599
17.91000000000000014211;423.64335000000034;-7.9999999999987566
17.9200000000000017053;423.72325000000035;-7.999999999998668
17.92999999999999971578;423.80235000000033;-8.000000000001599
17.94000000000000127898;423.88065000000034;-7.9999999999987566
17.94999999999999928946;423.95815000000033;-8.000000000001599
17.96000000000000085265;424.03485000000035;-7.9999999999987566
17.96999999999999886313;424.11075000000034;-8.000000000001599
17.98000000000000042633;424.18585000000036;-7.9999999999987566
17.98999999999999843681;424.26015000000035;-8.000000000001599
18;424.3336500000004;-7.9999999999987566
18.01000000000000156319;424.4063500000004;-7.999999999998668
18.01999999999999957367;424.47825000000034;-8.000000000001599
18.03000000000000113687;424.54935000000035;-7.9999999999987566
18.03999999999999914735;424.6196500000003;-8.000000000001599
18.05000000000000071054;424.6891500000003;-7.9999999999987566
18.05999999999999872102;424.7578500000003;-8.000000000001599
18.07000000000000028422;424.8257500000003;-7.9999999999987566
18.0799999999999982947;424.8928500000003;-8.000000000001599
18.08999999999999985789;424.9591500000003;-7.9999999999987566
18.10000000000000142109;425.0246500000003; 
18.10999999999999943157;425.08935000000025;-8.000000000001599
18.12000000000000099476;425.15325000000024;-7.9999999999987566
18.12999999999999900524;425.2163500000002;-8.000000000001599
18.14000000000000056843;425.2786500000002;-7.999999999998668
18.14999999999999857891;425.34015000000016;-8.000000000001599
18.16000000000000014211;425.40085000000016;-7.9999999999987566
18.1700000000000017053;425.4607500000002; 
18.17999999999999971578;425.5198500000002;-8.000000000001599
18.19000000000000127898;425.5781500000002;-7.9999999999987566
18.19999999999999928946;425.6356500000002;-8.000000000001599
18.21000000000000085265;425.69235000000026;-7.9999999999987566
18.21999999999999886313;425.74825000000027;-8.000000000001599
18.23000000000000042633;425.80335000000025;-7.9999999999987566
18.23999999999999843681;425.85765000000026;-8.000000000001599
18.25;425.91115000000025;-7.9999999999987566
18.26000000000000156319;425.96385000000026;-7.999999999998668
18.26999999999999957367;426.01575000000025;-8.000000000001599
18.28000000000000113687;426.0668500000003;-7.9999999999987566
18.28999999999999914735;426.11715000000027;-8.000000000001599
18.30000000000000071054;426.1666500000003;-7.9999999999987566
18.30999999999999872102;426.2154000000003;-7.000000000001421
18.32000000000000028422;426.2634000000003;-7.9999999999987566
18.3299999999999982947;426.31060000000025;-8.000000000001599
18.33999999999999985789;426.35700000000026;-7.9999999999987566
18.35000000000000142109;426.40260000000023; 
18.35999999999999943157;426.44740000000024;-8.00000000000151
18.37000000000000099476;426.4914000000002;-7.9999999999987566
18.37999999999999900524;426.53460000000024;-8.000000000001599
18.39000000000000056843;426.5770000000002;-7.9999999999987566
18.39999999999999857891;426.61860000000024;-8.000000000001599
18.41000000000000014211;426.65940000000023;-7.9999999999987566
18.4200000000000017053;426.69940000000025; 
18.42999999999999971578;426.73860000000025;-8.000000000001599
18.44000000000000127898;426.77700000000027;-7.9999999999987566
18.44999999999999928946;426.81460000000027;-8.000000000001554
18.46000000000000085265;426.8514000000003;-7.9999999999987566
18.46999999999999886313;426.8874000000003;-8.000000000001599
18.48000000000000042633;426.92260000000033;-7.9999999999987566
18.48999999999999843681;426.95700000000033;-8.000000000001599
18.5;426.9906000000003;-7.9999999999987566
18.51000000000000156319;427.0234000000003;-7.999999999998712
18.51999999999999957367;427.0554000000003;-8.000000000001599
18.53000000000000113687;427.0866000000003;-7.9999999999987566
18.53999999999999914735;427.1170000000003;-8.000000000001599
18.55000000000000071054;427.1466000000003;-7.9999999999987566
18.55999999999999872102;427.1754000000003;-8.000000000001599
18.57000000000000028422;427.20340000000033;-7.9999999999987566
18.5799999999999982947;427.2306000000003;-8.000000000001554
18.58999999999999985789;427.25700000000035;-7.9999999999987566
18.60000000000000142109;427.28260000000034; 
18.60999999999999943157;427.3074000000003;-8.000000000001599
18.62000000000000099476;427.3314000000003;-7.9999999999987566
18.62999999999999900524;427.3546000000003;-8.000000000001599
18.64000000000000056843;427.3770000000003;-7.999999999998712
18.64999999999999857891;427.3986000000003;-8.000000000001599
18.66000000000000014211;427.4194000000003;-7.9999999999987566
18.6700000000000017053;427.43940000000026; 
18.67999999999999971578;427.4586000000003;-8.000000000001599
18.69000000000000127898;427.47700000000026;-7.999999999998734
18.69999999999999928946;427.4946000000003;-8.000000000001599
18.71000000000000085265;427.51140000000026;-7.9999999999987566
18.71999999999999886313;427.5274000000003;-8.000000000001577
18.73000000000000042633;427.5426000000003;-7.9999999999987566
18.73999999999999843681;427.5570000000003;-8.000000000001599
18.75;427.5706000000003;-7.999999999998734
18.76000000000000156319;427.5834000000003;-7.9999999999987566
18.76999999999999957367;427.5954000000003;-8.000000000001599
18.78000000000000113687;427.60665000000034;-6.99999999999889
18.78999999999999914735;427.6171500000003;-8.000000000001599
18.80000000000000071054;427.62685000000033;-7.999999999998746
18.80999999999999872102;427.6357500000003;-8.000000000001599
18.82000000000000028422;427.6438500000003;-7.999999999998746
18.8299999999999982947;427.6511500000003;-8.000000000001599
18.83999999999999985789;427.65765000000033;-7.999999999998746
18.85000000000000142109;427.6633500000003; 
18.85999999999999943157;427.66825000000034;-8.000000000001593
18.87000000000000099476;427.67235000000034;-7.999999999998751
18.87999999999999900524;427.67565000000036;-8.000000000001593
18.89000000000000056843;427.67815000000036;-7.999999999998749
18.89999999999999857891;427.6798500000004;-8.00000000000159
18.91000000000000014211;427.6807500000004;-7.9999999999987494
18.9200000000000017053;427.6810000000004;-4.999999999999218
18.92999999999999971578; ;0.0
19.01999999999999957367;427.6810000000004; 
19.03000000000000113687; ;0.0
19.12000000000000099476;427.6810000000004; 
19.12999999999999900524; ;0.0
19.21999999999999886313;427.6810000000004; 
19.23000000000000042633; ;0.0
19.32000000000000028422;427.6810000000004; 
19.3299999999999982947; ;0.0
19.4200000000000017053;427.6810000000004; 
19.42999999999999971578; ;0.0
19.51999999999999957367;427.6810000000004; 
19.53000000000000113687; ;0.0
19.62000000000000099476;427.6810000000004; 
19.62999999999999900524; ;0.0
19.71999999999999886313;427.6810000000004; 
19.73000000000000042633; ;0.0
19.82000000000000028422;427.6810000000004; 
19.8299999999999982947; ;0.0
19.9200000000000017053;427.6810000000004; 
19.92999999999999971578; ;0.0
20.01999999999999957367;427.6810000000004; 
20.03000000000000113687; ;0.0
20.12000000000000099476;427.6810000000004; 
20.12999999999999900524; ;0.0
20.21999999999999886313;427.6810000000004; 
20.23000000000000042633; ;0.0
20.32000000000000028422;427.6810000000004; 
20.3299999999999982947; ;0.0
20.4200000000000017053;427.6810000000004; 
20.42999999999999971578; ;0.0
20.51999999999999957367;427.6810000000004; 
20.53000000000000113687; ;0.0
20.62000000000000099476;427.6810000000004; 
20.62999999999999900524; ;0.0
20.71999999999999886313;427.6810000000004; 
20.73000000000000042633; ;0.0
20.82000000000000028422;427.6810000000004; 
20.8299999999999982947; ;0.0
20.9200000000000017053;427.6810000000004; 
20.92999999999999971578; ;0.0
21.01999999999999957367;427.6810000000004; 
21.03000000000000113687; ;0.0
21.12000000000000099476;427.6810000000004; 
21.12999999999999900524; ;0.0
21.21999999999999886313;427.6810000000004; 
21.23000000000000042633; ;0.0
21.32000000000000028422;427.6810000000004; 
21.3299999999999982947; ;0.0
21.4200000000000017053;427.6810000000004; 
21.42999999999999971578; ;0.0
21.51999999999999957367;427.6810000000004; 
21.53000000000000113687; ;0.0
21.62000000000000099476;427.6810000000004; 
21.62999999999999900524; ;0.0
21.71999999999999886313;427.6810000000004; 
21.73000000000000042633; ;0.0
21.82000000000000028422;427.6810000000004; 
21.8299999999999982947; ;0.0
21.9200000000000017053;427.6810000000004; 
21.92999999999999971578; ;0.0
22.01999999999999957367;427.6810000000004; 
22.03000000000000113687; ;0.0
22.12000000000000099476;427.6810000000004; 
22.12999999999999900524; ;0.0
